SET FOREIGN_KEY_CHECKS=0;
TRUNCATE TABLE `product_customizations`;
TRUNCATE TABLE `product_finish_options`;
TRUNCATE TABLE `product_materials`;
TRUNCATE TABLE `product_media`;
TRUNCATE TABLE `products`;
TRUNCATE TABLE `category_highlights`;
TRUNCATE TABLE `catalog_categories`;
INSERT INTO `catalog_categories` (`id`, `slug`, `name`, `headline`, `description`, `hero_image`, `hero_alt`, `seo_title`, `seo_description`, `position`) VALUES ('abajures', 'abajures', 'Abajures', 'Iluminação escultural para atmosferas acolhedoras', 'Peças com hastes em metal escovado, cúpulas em tecidos nobres e detalhes em couro para compor ambientes com luz suave.', '/assets/Abajures/Abajures%20(6).png', 'Coleção de abajures contemporâneos sobre mesa lateral', 'Abajures autorais Nobile Design', 'Coleção de abajures esculturais com metais nobres e cúpulas em tecidos finos. Personalize dimensões e acabamentos sob medida.', 0);
INSERT INTO `category_highlights` (`category_id`, `text`) VALUES ('abajures', 'Base em metais nobres');
INSERT INTO `category_highlights` (`category_id`, `text`) VALUES ('abajures', 'Cúpulas em tecidos importados');
INSERT INTO `category_highlights` (`category_id`, `text`) VALUES ('abajures', 'Dimerização sob demanda');
INSERT INTO `catalog_categories` (`id`, `slug`, `name`, `headline`, `description`, `hero_image`, `hero_alt`, `seo_title`, `seo_description`, `position`) VALUES ('banquetas', 'banquetas', 'Banquetas', 'Banquetas e bancos com proporções arquitetônicas', 'Volumes estofados e estruturas em madeira maciça que equilibram conforto com presença cênica em cozinhas gourmet e áreas sociais.', '/assets/Banquetas/Banquetas%20(6).png', 'Banquetas altas com acabamento em madeira e couro', 'Banquetas sob medida para cozinhas e bares', 'Banquetas em madeira torneada, assentos estofados e opções de altura personalizada para bancadas residenciais ou corporativas.', 1);
INSERT INTO `category_highlights` (`category_id`, `text`) VALUES ('banquetas', 'Altura sob medida');
INSERT INTO `category_highlights` (`category_id`, `text`) VALUES ('banquetas', 'Tecidos easy-clean');
INSERT INTO `category_highlights` (`category_id`, `text`) VALUES ('banquetas', 'Descanso de pés em metal');
INSERT INTO `catalog_categories` (`id`, `slug`, `name`, `headline`, `description`, `hero_image`, `hero_alt`, `seo_title`, `seo_description`, `position`) VALUES ('mesa-de-jantar', 'mesa-de-jantar', 'Mesa de jantar', 'Mesas de jantar assinadas', 'Tampas generosas em pedra, madeira ou vidro acidato com bases esculturais que valorizam encontros e experiências gastronômicas.', '/assets/Mesa%20de%20jantar/Mesa%20de%20jantar%20(6).png', 'Mesa de jantar redonda em pedra com cadeiras estofadas', 'Mesas de jantar exclusivas', 'Mesas de jantar redondas e retangulares com bases esculturais e tampas em pedra natural, madeira ou vidro especial.', 2);
INSERT INTO `category_highlights` (`category_id`, `text`) VALUES ('mesa-de-jantar', 'Até 12 lugares');
INSERT INTO `category_highlights` (`category_id`, `text`) VALUES ('mesa-de-jantar', 'Bases esculturais');
INSERT INTO `category_highlights` (`category_id`, `text`) VALUES ('mesa-de-jantar', 'Acabamentos premium');
INSERT INTO `catalog_categories` (`id`, `slug`, `name`, `headline`, `description`, `hero_image`, `hero_alt`, `seo_title`, `seo_description`, `position`) VALUES ('mesas-laterais', 'mesas-laterais', 'Mesas laterais', 'Mesas de apoio que completam a composição', 'Mesas laterais e aparadores com tampos em pedra, madeira e vidro fumê para complementar sofás e poltronas de alto padrão.', '/assets/Mesas%20laterais/Mesas%20laterais%20(6).png', 'Mesa lateral redonda em mármore claro', 'Mesas laterais e aparadores de luxo', 'Mesas laterais com tampos em mármore, vidro fumê e madeira natural. Ideais para áreas sociais contemporâneas.', 3);
INSERT INTO `category_highlights` (`category_id`, `text`) VALUES ('mesas-laterais', 'Pedras selecionadas');
INSERT INTO `category_highlights` (`category_id`, `text`) VALUES ('mesas-laterais', 'Metais nobres');
INSERT INTO `category_highlights` (`category_id`, `text`) VALUES ('mesas-laterais', 'Sob medida');
INSERT INTO `catalog_categories` (`id`, `slug`, `name`, `headline`, `description`, `hero_image`, `hero_alt`, `seo_title`, `seo_description`, `position`) VALUES ('sofas', 'sofas', 'Sofás', 'Sofás modulares e esculturais', 'Módulos generosos, costura alfaiataria e espumas de múltiplas densidades para criar ilhas de convivência sofisticadas.', '/assets/Sofas/Sofas%20(6).png', 'Sofá modular com estofado em bouclé claro', 'Sofás de alto padrão Nobile', 'Sofás modulares, chaises e sofás lineares com acabamento em bouclé, linho e couro natural para projetos exclusivos.', 4);
INSERT INTO `category_highlights` (`category_id`, `text`) VALUES ('sofas', 'Estrutura em madeira maciça');
INSERT INTO `category_highlights` (`category_id`, `text`) VALUES ('sofas', 'Espuma de múltiplas densidades');
INSERT INTO `category_highlights` (`category_id`, `text`) VALUES ('sofas', 'Bouclé europeu');
INSERT INTO `catalog_categories` (`id`, `slug`, `name`, `headline`, `description`, `hero_image`, `hero_alt`, `seo_title`, `seo_description`, `position`) VALUES ('cadeiras', 'cadeiras', 'Cadeiras', 'Cadeiras e poltronas de jantar ergonômicas', 'Cadeiras estofadas com costura aparente, base em madeira torneada e detalhes em metal para mesas de jantar icônicas.', '/assets/cadeiras/cadeira%20(6).png', 'Cadeiras estofadas com base em madeira', 'Cadeiras sob medida para sala de jantar', 'Cadeiras e poltronas de jantar com costura aparente, assento ergonômico e acabamentos premium.', 5);
INSERT INTO `category_highlights` (`category_id`, `text`) VALUES ('cadeiras', 'Espumas D33 + manta');
INSERT INTO `category_highlights` (`category_id`, `text`) VALUES ('cadeiras', 'Tecidos aquaclean');
INSERT INTO `category_highlights` (`category_id`, `text`) VALUES ('cadeiras', 'Base torneada');
INSERT INTO `catalog_categories` (`id`, `slug`, `name`, `headline`, `description`, `hero_image`, `hero_alt`, `seo_title`, `seo_description`, `position`) VALUES ('mesas', 'mesas', 'Mesas de centro', 'Mesas de centro escultóricas', 'Peças centrais com tampos orgânicos e materiais contrastantes que criam movimento nas salas de estar.', '/assets/mesas/Mesa%20(6).png', 'Mesa de centro orgânica com tampo em pedra', 'Mesas de centro exclusivas', 'Mesas de centro ovais e orgânicas com tampos em pedra natural, madeira e vidro fumê combinados.', 6);
INSERT INTO `category_highlights` (`category_id`, `text`) VALUES ('mesas', 'Tampas orgânicas');
INSERT INTO `category_highlights` (`category_id`, `text`) VALUES ('mesas', 'Mix de materiais');
INSERT INTO `category_highlights` (`category_id`, `text`) VALUES ('mesas', 'Acabamentos contrastantes');
INSERT INTO `catalog_categories` (`id`, `slug`, `name`, `headline`, `description`, `hero_image`, `hero_alt`, `seo_title`, `seo_description`, `position`) VALUES ('poltronas', 'poltronas', 'Poltronas', 'Poltronas de leitura e lounge', 'Poltronas envolventes com opções de base giratória e costura capitonê para áreas íntimas e lounges corporativos.', '/assets/poltronas/Poltronas%20(6).png', 'Poltrona estofada em veludo', 'Poltronas exclusivas para living e suíte', 'Poltronas e chaises com base giratória, braços orgânicos e costura capitonê para composições autorais.', 7);
INSERT INTO `category_highlights` (`category_id`, `text`) VALUES ('poltronas', 'Estrutura leve');
INSERT INTO `category_highlights` (`category_id`, `text`) VALUES ('poltronas', 'Opção giratória');
INSERT INTO `category_highlights` (`category_id`, `text`) VALUES ('poltronas', 'Tecidos premium');
INSERT INTO `products` (`id`, `slug`, `category_id`, `name`, `summary`, `description`, `designer`, `dimensions`, `light_source`, `lead_time`, `warranty`) VALUES ('lumina-brass', 'lumina-brass', 'abajures', 'Lumina Brass', 'Abajur com base em latão escovado e cúpula em linho europeu.', 'A peça combina estrutura esguia em latão escovado com cúpula em linho italiano, proporcionando iluminação difusa para mesas de apoio e aparadores.', 'Studio Nobile', 'L 32 cm x P 32 cm x A 58 cm', 'LED dimerizável 2700K', '20 dias úteis', '2 anos');
INSERT INTO `product_media` (`product_id`, `position`, `src`, `alt`) VALUES ('lumina-brass', 0, '/assets/Abajures/Abajures%20(3).png', 'Abajur Lumina Brass sobre aparador');
INSERT INTO `product_media` (`product_id`, `position`, `src`, `alt`) VALUES ('lumina-brass', 1, '/assets/Abajures/Abajures%20(4).png', 'Detalhe da cúpula em linho do abajur');
INSERT INTO `product_materials` (`product_id`, `name`) VALUES ('lumina-brass', 'Latão escovado');
INSERT INTO `product_materials` (`product_id`, `name`) VALUES ('lumina-brass', 'Linho italiano');
INSERT INTO `product_materials` (`product_id`, `name`) VALUES ('lumina-brass', 'Detalhes em couro');
INSERT INTO `product_finish_options` (`product_id`, `name`) VALUES ('lumina-brass', 'Latão escovado');
INSERT INTO `product_finish_options` (`product_id`, `name`) VALUES ('lumina-brass', 'Níquel escovado');
INSERT INTO `product_finish_options` (`product_id`, `name`) VALUES ('lumina-brass', 'Preto ônix');
INSERT INTO `products` (`id`, `slug`, `category_id`, `name`, `summary`, `description`, `designer`, `dimensions`, `light_source`, `lead_time`, `warranty`) VALUES ('aurora-marble', 'aurora-marble', 'abajures', 'Aurora Marble', 'Abajur com base em mármore travertino e difusor em vidro soprado.', 'Combinação de materiais naturais que valoriza aparadores e mesas laterais, com iluminação suave através do vidro soprado acidato.', 'Atelier Lumière', 'Ø 28 cm x A 52 cm', 'LED 8W 3000K', '25 dias úteis', '2 anos');
INSERT INTO `product_media` (`product_id`, `position`, `src`, `alt`) VALUES ('aurora-marble', 0, '/assets/Abajures/Abajures%20(5).png', 'Abajur Aurora Marble em composição com livros');
INSERT INTO `product_media` (`product_id`, `position`, `src`, `alt`) VALUES ('aurora-marble', 1, '/assets/Abajures/Abajures%20(2).png', 'Detalhe da base em mármore travertino');
INSERT INTO `product_materials` (`product_id`, `name`) VALUES ('aurora-marble', 'Mármore travertino');
INSERT INTO `product_materials` (`product_id`, `name`) VALUES ('aurora-marble', 'Vidro soprado');
INSERT INTO `product_materials` (`product_id`, `name`) VALUES ('aurora-marble', 'Metal escovado');
INSERT INTO `product_finish_options` (`product_id`, `name`) VALUES ('aurora-marble', 'Travertino clássico');
INSERT INTO `product_finish_options` (`product_id`, `name`) VALUES ('aurora-marble', 'Mármore noir');
INSERT INTO `product_finish_options` (`product_id`, `name`) VALUES ('aurora-marble', 'Mármore branco');
INSERT INTO `products` (`id`, `slug`, `category_id`, `name`, `summary`, `description`, `designer`, `dimensions`, `light_source`, `lead_time`, `warranty`) VALUES ('atelier-bar', 'atelier-bar', 'banquetas', 'Atelier Bar', 'Banqueta com estrutura em madeira maciça e assento em couro natural.', 'Estofamento com espuma de alta densidade, apoio para os pés em metal e costura aparente inspirada em selaria premium.', 'Studio Nobile', 'L 46 cm x P 50 cm x A 92 cm', NULL, '30 dias úteis', '5 anos');
INSERT INTO `product_media` (`product_id`, `position`, `src`, `alt`) VALUES ('atelier-bar', 0, '/assets/Banquetas/Banquetas%20(4).png', 'Banqueta Atelier Bar em bancada gourmet');
INSERT INTO `product_media` (`product_id`, `position`, `src`, `alt`) VALUES ('atelier-bar', 1, '/assets/Banquetas/Banquetas%20(2).png', 'Detalhe do assento em couro');
INSERT INTO `product_materials` (`product_id`, `name`) VALUES ('atelier-bar', 'Freijó maciço');
INSERT INTO `product_materials` (`product_id`, `name`) VALUES ('atelier-bar', 'Couro natural');
INSERT INTO `product_materials` (`product_id`, `name`) VALUES ('atelier-bar', 'Aço inox escovado');
INSERT INTO `product_finish_options` (`product_id`, `name`) VALUES ('atelier-bar', 'Freijó natural');
INSERT INTO `product_finish_options` (`product_id`, `name`) VALUES ('atelier-bar', 'Nogueira');
INSERT INTO `product_finish_options` (`product_id`, `name`) VALUES ('atelier-bar', 'Ébano');
INSERT INTO `product_customizations` (`product_id`, `description`) VALUES ('atelier-bar', 'Altura sob medida');
INSERT INTO `product_customizations` (`product_id`, `description`) VALUES ('atelier-bar', 'Tecidos especiais');
INSERT INTO `product_customizations` (`product_id`, `description`) VALUES ('atelier-bar', 'Detalhes em metal');
INSERT INTO `products` (`id`, `slug`, `category_id`, `name`, `summary`, `description`, `designer`, `dimensions`, `light_source`, `lead_time`, `warranty`) VALUES ('luna-counter', 'luna-counter', 'banquetas', 'Luna Counter', 'Banqueta estofada com encosto envolvente e base metálica.', 'Ideal para bancadas gourmet e bares residenciais, a Luna Counter traz assento giratório e encosto com abas envolventes.', 'Estúdio Forma', 'L 54 cm x P 56 cm x A 95 cm', NULL, '28 dias úteis', '3 anos');
INSERT INTO `product_media` (`product_id`, `position`, `src`, `alt`) VALUES ('luna-counter', 0, '/assets/Banquetas/Banquetas%20(5).png', 'Banqueta Luna Counter ao lado de ilha gourmet');
INSERT INTO `product_media` (`product_id`, `position`, `src`, `alt`) VALUES ('luna-counter', 1, '/assets/Banquetas/Banquetas%20(6).png', 'Detalhe da base metálica');
INSERT INTO `product_materials` (`product_id`, `name`) VALUES ('luna-counter', 'Metal pintado');
INSERT INTO `product_materials` (`product_id`, `name`) VALUES ('luna-counter', 'Tecidos aquaclean');
INSERT INTO `product_materials` (`product_id`, `name`) VALUES ('luna-counter', 'Espuma D35');
INSERT INTO `product_finish_options` (`product_id`, `name`) VALUES ('luna-counter', 'Champagne');
INSERT INTO `product_finish_options` (`product_id`, `name`) VALUES ('luna-counter', 'Grafite');
INSERT INTO `product_finish_options` (`product_id`, `name`) VALUES ('luna-counter', 'Preto fosco');
INSERT INTO `product_customizations` (`product_id`, `description`) VALUES ('luna-counter', 'Base giratória');
INSERT INTO `product_customizations` (`product_id`, `description`) VALUES ('luna-counter', 'Altura customizada');
INSERT INTO `products` (`id`, `slug`, `category_id`, `name`, `summary`, `description`, `designer`, `dimensions`, `light_source`, `lead_time`, `warranty`) VALUES ('atlas-round', 'atlas-round', 'mesa-de-jantar', 'Atlas Round', 'Mesa de jantar redonda com base escultural em lâmina natural.', 'Mesa redonda para 6 lugares com tampo em pedra quartzito e base revestida em lâmina natural, ideal para salas integradas.', 'Atelier Forma', 'Ø 150 cm x A 76 cm', NULL, '45 dias úteis', '5 anos');
INSERT INTO `product_media` (`product_id`, `position`, `src`, `alt`) VALUES ('atlas-round', 0, '/assets/Mesa%20de%20jantar/Mesa%20de%20jantar%20(4).png', 'Mesa Atlas Round com cadeiras estofadas');
INSERT INTO `product_media` (`product_id`, `position`, `src`, `alt`) VALUES ('atlas-round', 1, '/assets/Mesa%20de%20jantar/Mesa%20de%20jantar%20(3).png', 'Detalhe da base escultural');
INSERT INTO `product_materials` (`product_id`, `name`) VALUES ('atlas-round', 'Quartzito Mont Blanc');
INSERT INTO `product_materials` (`product_id`, `name`) VALUES ('atlas-round', 'Lâmina de nogueira');
INSERT INTO `product_materials` (`product_id`, `name`) VALUES ('atlas-round', 'Aço carbono');
INSERT INTO `product_finish_options` (`product_id`, `name`) VALUES ('atlas-round', 'Quartzito branco');
INSERT INTO `product_finish_options` (`product_id`, `name`) VALUES ('atlas-round', 'Granito escuro');
INSERT INTO `product_finish_options` (`product_id`, `name`) VALUES ('atlas-round', 'Lâmina de carvalho');
INSERT INTO `product_customizations` (`product_id`, `description`) VALUES ('atlas-round', 'Diâmetro sob medida');
INSERT INTO `product_customizations` (`product_id`, `description`) VALUES ('atlas-round', 'Opção retangular');
INSERT INTO `products` (`id`, `slug`, `category_id`, `name`, `summary`, `description`, `designer`, `dimensions`, `light_source`, `lead_time`, `warranty`) VALUES ('linea-dining', 'linea-dining', 'mesa-de-jantar', 'Linea Dining', 'Mesa de jantar retangular com tampo em vidro acidato.', 'Design minimalista com base metálica em perfil delgado e tampo em vidro acidato para projetos contemporâneos.', 'Studio Linear', 'L 240 cm x P 110 cm x A 76 cm', NULL, '50 dias úteis', '5 anos');
INSERT INTO `product_media` (`product_id`, `position`, `src`, `alt`) VALUES ('linea-dining', 0, '/assets/Mesa%20de%20jantar/Mesa%20de%20jantar%20(5).png', 'Mesa Linea Dining em ambiente minimalista');
INSERT INTO `product_media` (`product_id`, `position`, `src`, `alt`) VALUES ('linea-dining', 1, '/assets/Mesa%20de%20jantar/Mesa%20de%20jantar%20(2).png', 'Estrutura metálica da mesa Linea');
INSERT INTO `product_materials` (`product_id`, `name`) VALUES ('linea-dining', 'Vidro acidato');
INSERT INTO `product_materials` (`product_id`, `name`) VALUES ('linea-dining', 'Aço carbono pintado');
INSERT INTO `product_materials` (`product_id`, `name`) VALUES ('linea-dining', 'Detalhes em latão');
INSERT INTO `product_finish_options` (`product_id`, `name`) VALUES ('linea-dining', 'Branco acetinado');
INSERT INTO `product_finish_options` (`product_id`, `name`) VALUES ('linea-dining', 'Fendi');
INSERT INTO `product_finish_options` (`product_id`, `name`) VALUES ('linea-dining', 'Grafite');
INSERT INTO `products` (`id`, `slug`, `category_id`, `name`, `summary`, `description`, `designer`, `dimensions`, `light_source`, `lead_time`, `warranty`) VALUES ('valen-side', 'valen-side', 'mesas-laterais', 'Valen Side', 'Mesa lateral com tampo em mármore e nicho oculto.', 'A Valen Side traz tampo em mármore Calacatta, base cônica em madeira e nicho oculto para armazenamento discreto.', 'Studio Nobile', 'Ø 45 cm x A 55 cm', NULL, '25 dias úteis', '3 anos');
INSERT INTO `product_media` (`product_id`, `position`, `src`, `alt`) VALUES ('valen-side', 0, '/assets/Mesas%20laterais/Mesas%20laterais%20(2).png', 'Mesa lateral Valen ao lado de sofá');
INSERT INTO `product_media` (`product_id`, `position`, `src`, `alt`) VALUES ('valen-side', 1, '/assets/Mesas%20laterais/Mesas%20laterais%20(5).png', 'Detalhe do tampo em mármore');
INSERT INTO `product_materials` (`product_id`, `name`) VALUES ('valen-side', 'Mármore Calacatta');
INSERT INTO `product_materials` (`product_id`, `name`) VALUES ('valen-side', 'Freijó maciço');
INSERT INTO `product_finish_options` (`product_id`, `name`) VALUES ('valen-side', 'Freijó natural');
INSERT INTO `product_finish_options` (`product_id`, `name`) VALUES ('valen-side', 'Nogueira');
INSERT INTO `product_finish_options` (`product_id`, `name`) VALUES ('valen-side', 'Preto matte');
INSERT INTO `products` (`id`, `slug`, `category_id`, `name`, `summary`, `description`, `designer`, `dimensions`, `light_source`, `lead_time`, `warranty`) VALUES ('orion-console', 'orion-console', 'mesas-laterais', 'Orion Console', 'Aparador com estrutura metálica e tampos em vidro fumê.', 'Estrutura metálica com prateleiras em vidro fumê e opções de tampos em pedra natural para halls e livings sofisticados.', 'Atelier Orion', 'L 160 cm x P 40 cm x A 78 cm', NULL, '35 dias úteis', '4 anos');
INSERT INTO `product_media` (`product_id`, `position`, `src`, `alt`) VALUES ('orion-console', 0, '/assets/Mesas%20laterais/Mesas%20laterais%20(3).png', 'Aparador Orion Console com decoração');
INSERT INTO `product_media` (`product_id`, `position`, `src`, `alt`) VALUES ('orion-console', 1, '/assets/Mesas%20laterais/Mesas%20laterais%20(4).png', 'Detalhe da estrutura metálica');
INSERT INTO `product_materials` (`product_id`, `name`) VALUES ('orion-console', 'Aço carbono');
INSERT INTO `product_materials` (`product_id`, `name`) VALUES ('orion-console', 'Vidro fumê');
INSERT INTO `product_materials` (`product_id`, `name`) VALUES ('orion-console', 'Pedra natural');
INSERT INTO `product_finish_options` (`product_id`, `name`) VALUES ('orion-console', 'Champagne');
INSERT INTO `product_finish_options` (`product_id`, `name`) VALUES ('orion-console', 'Grafite');
INSERT INTO `product_finish_options` (`product_id`, `name`) VALUES ('orion-console', 'Preto fosco');
INSERT INTO `products` (`id`, `slug`, `category_id`, `name`, `summary`, `description`, `designer`, `dimensions`, `light_source`, `lead_time`, `warranty`) VALUES ('modulo-sofa', 'modulo-sofa', 'sofas', 'Modulo 360', 'Sofá modular com encosto móvel e chaise integrada.', 'Sistema modular com múltiplos encostos e chaise destacável para criar composições fluidas em ambientes integrados.', 'Studio Orbit', 'Composição padrão 320 cm x 180 cm', NULL, '60 dias úteis', '5 anos');
INSERT INTO `product_media` (`product_id`, `position`, `src`, `alt`) VALUES ('modulo-sofa', 0, '/assets/Sofas/Sofas%20(4).png', 'Sofá modular Modulo 360 em living');
INSERT INTO `product_media` (`product_id`, `position`, `src`, `alt`) VALUES ('modulo-sofa', 1, '/assets/Sofas/Sofas%20(3).png', 'Detalhe do sofá modular');
INSERT INTO `product_materials` (`product_id`, `name`) VALUES ('modulo-sofa', 'Estrutura em madeira de reflorestamento');
INSERT INTO `product_materials` (`product_id`, `name`) VALUES ('modulo-sofa', 'Espuma D33');
INSERT INTO `product_materials` (`product_id`, `name`) VALUES ('modulo-sofa', 'Tecido bouclé europeu');
INSERT INTO `product_finish_options` (`product_id`, `name`) VALUES ('modulo-sofa', 'Bouclé off-white');
INSERT INTO `product_finish_options` (`product_id`, `name`) VALUES ('modulo-sofa', 'Linho grafite');
INSERT INTO `product_finish_options` (`product_id`, `name`) VALUES ('modulo-sofa', 'Couro natural');
INSERT INTO `product_customizations` (`product_id`, `description`) VALUES ('modulo-sofa', 'Módulos adicionais');
INSERT INTO `product_customizations` (`product_id`, `description`) VALUES ('modulo-sofa', 'Braços intercambiáveis');
INSERT INTO `products` (`id`, `slug`, `category_id`, `name`, `summary`, `description`, `designer`, `dimensions`, `light_source`, `lead_time`, `warranty`) VALUES ('heritage-sofa', 'heritage-sofa', 'sofas', 'Heritage Sofa', 'Sofá linear com costura pespontada e pés em metal.', 'Design inspirado em marcenaria italiana com costura pespontada, assento profundo e pés em metal em formato lâmina.', 'Atelier Heritage', 'L 260 cm x P 105 cm x A 72 cm', NULL, '55 dias úteis', '5 anos');
INSERT INTO `product_media` (`product_id`, `position`, `src`, `alt`) VALUES ('heritage-sofa', 0, '/assets/Sofas/Sofas%20(2).png', 'Sofá Heritage com almofadas');
INSERT INTO `product_media` (`product_id`, `position`, `src`, `alt`) VALUES ('heritage-sofa', 1, '/assets/Sofas/Sofas%20(5).png', 'Detalhe do braço do sofá');
INSERT INTO `product_materials` (`product_id`, `name`) VALUES ('heritage-sofa', 'Estrutura em madeira maciça');
INSERT INTO `product_materials` (`product_id`, `name`) VALUES ('heritage-sofa', 'Espumas HR');
INSERT INTO `product_materials` (`product_id`, `name`) VALUES ('heritage-sofa', 'Tecidos aquaclean');
INSERT INTO `product_finish_options` (`product_id`, `name`) VALUES ('heritage-sofa', 'Linho areia');
INSERT INTO `product_finish_options` (`product_id`, `name`) VALUES ('heritage-sofa', 'Veludo petróleo');
INSERT INTO `product_finish_options` (`product_id`, `name`) VALUES ('heritage-sofa', 'Couro caramelo');
INSERT INTO `products` (`id`, `slug`, `category_id`, `name`, `summary`, `description`, `designer`, `dimensions`, `light_source`, `lead_time`, `warranty`) VALUES ('vera-dining-chair', 'vera-dining-chair', 'cadeiras', 'Vera Dining', 'Cadeira de jantar com encosto curvo e pés torneados.', 'Encosto envolvente com costura aparente e pés em madeira torneada, perfeita para mesas redondas ou retangulares.', 'Studio Vera', 'L 58 cm x P 58 cm x A 84 cm', NULL, '30 dias úteis', '3 anos');
INSERT INTO `product_media` (`product_id`, `position`, `src`, `alt`) VALUES ('vera-dining-chair', 0, '/assets/cadeiras/cadeira%20(4).png', 'Cadeira Vera Dining ao redor de mesa');
INSERT INTO `product_media` (`product_id`, `position`, `src`, `alt`) VALUES ('vera-dining-chair', 1, '/assets/cadeiras/cadeira%20(5).png', 'Detalhe do encosto curvo');
INSERT INTO `product_materials` (`product_id`, `name`) VALUES ('vera-dining-chair', 'Madeira maciça');
INSERT INTO `product_materials` (`product_id`, `name`) VALUES ('vera-dining-chair', 'Tecidos easy-clean');
INSERT INTO `product_materials` (`product_id`, `name`) VALUES ('vera-dining-chair', 'Espuma D33');
INSERT INTO `product_finish_options` (`product_id`, `name`) VALUES ('vera-dining-chair', 'Carvalho');
INSERT INTO `product_finish_options` (`product_id`, `name`) VALUES ('vera-dining-chair', 'Ébano');
INSERT INTO `product_finish_options` (`product_id`, `name`) VALUES ('vera-dining-chair', 'Freijó');
INSERT INTO `products` (`id`, `slug`, `category_id`, `name`, `summary`, `description`, `designer`, `dimensions`, `light_source`, `lead_time`, `warranty`) VALUES ('arca-armchair', 'arca-armchair', 'cadeiras', 'Arca Armchair', 'Poltrona de cabeceira com braços orgânicos.', 'Poltrona compacta com braços orgânicos que funciona como cabeceira de mesa ou complemento em livings intimistas.', 'Atelier Arca', 'L 62 cm x P 64 cm x A 82 cm', NULL, '32 dias úteis', '3 anos');
INSERT INTO `product_media` (`product_id`, `position`, `src`, `alt`) VALUES ('arca-armchair', 0, '/assets/cadeiras/cadeira%20(2).png', 'Poltrona Arca Armchair');
INSERT INTO `product_media` (`product_id`, `position`, `src`, `alt`) VALUES ('arca-armchair', 1, '/assets/cadeiras/cadeira%20(3).png', 'Detalhe dos braços orgânicos');
INSERT INTO `product_materials` (`product_id`, `name`) VALUES ('arca-armchair', 'Estrutura em jequitibá');
INSERT INTO `product_materials` (`product_id`, `name`) VALUES ('arca-armchair', 'Tecidos acetinados');
INSERT INTO `product_materials` (`product_id`, `name`) VALUES ('arca-armchair', 'Detalhes em latão');
INSERT INTO `product_finish_options` (`product_id`, `name`) VALUES ('arca-armchair', 'Jequitibá');
INSERT INTO `product_finish_options` (`product_id`, `name`) VALUES ('arca-armchair', 'Nogueira escura');
INSERT INTO `products` (`id`, `slug`, `category_id`, `name`, `summary`, `description`, `designer`, `dimensions`, `light_source`, `lead_time`, `warranty`) VALUES ('flux-coffee', 'flux-coffee', 'mesas', 'Flux Coffee', 'Mesa de centro orgânica com tampos sobrepostos.', 'Dois tampos orgânicos em alturas diferentes que criam movimento ao centro da sala, combinando madeira e pedra natural.', 'Studio Flux', 'L 140 cm x P 90 cm x A 32/38 cm', NULL, '35 dias úteis', '4 anos');
INSERT INTO `product_media` (`product_id`, `position`, `src`, `alt`) VALUES ('flux-coffee', 0, '/assets/mesas/Mesa%20(5).png', 'Mesa de centro Flux em sala de estar');
INSERT INTO `product_media` (`product_id`, `position`, `src`, `alt`) VALUES ('flux-coffee', 1, '/assets/mesas/Mesa%20(3).png', 'Detalhe do tampo em pedra');
INSERT INTO `product_materials` (`product_id`, `name`) VALUES ('flux-coffee', 'Freijó');
INSERT INTO `product_materials` (`product_id`, `name`) VALUES ('flux-coffee', 'Quartzito');
INSERT INTO `product_materials` (`product_id`, `name`) VALUES ('flux-coffee', 'Metal pintado');
INSERT INTO `product_finish_options` (`product_id`, `name`) VALUES ('flux-coffee', 'Mármore branco');
INSERT INTO `product_finish_options` (`product_id`, `name`) VALUES ('flux-coffee', 'Mármore escuro');
INSERT INTO `product_finish_options` (`product_id`, `name`) VALUES ('flux-coffee', 'Granilite');
INSERT INTO `products` (`id`, `slug`, `category_id`, `name`, `summary`, `description`, `designer`, `dimensions`, `light_source`, `lead_time`, `warranty`) VALUES ('ellipse-table', 'ellipse-table', 'mesas', 'Ellipse Table', 'Mesa de centro elíptica com tampo em vidro fumê.', 'Base vazada em metal com tampo elíptico em vidro fumê e prateleira inferior em madeira natural.', 'Atelier Curve', 'L 130 cm x P 70 cm x A 34 cm', NULL, '30 dias úteis', '3 anos');
INSERT INTO `product_media` (`product_id`, `position`, `src`, `alt`) VALUES ('ellipse-table', 0, '/assets/mesas/Mesa%20(2).png', 'Mesa de centro Ellipse em frente ao sofá');
INSERT INTO `product_media` (`product_id`, `position`, `src`, `alt`) VALUES ('ellipse-table', 1, '/assets/mesas/Mesa%20(4).png', 'Detalhe da base vazada');
INSERT INTO `product_materials` (`product_id`, `name`) VALUES ('ellipse-table', 'Aço carbono');
INSERT INTO `product_materials` (`product_id`, `name`) VALUES ('ellipse-table', 'Vidro fumê');
INSERT INTO `product_materials` (`product_id`, `name`) VALUES ('ellipse-table', 'Lâmina natural');
INSERT INTO `product_finish_options` (`product_id`, `name`) VALUES ('ellipse-table', 'Latão escovado');
INSERT INTO `product_finish_options` (`product_id`, `name`) VALUES ('ellipse-table', 'Preto ônix');
INSERT INTO `product_finish_options` (`product_id`, `name`) VALUES ('ellipse-table', 'Niquelado');
INSERT INTO `products` (`id`, `slug`, `category_id`, `name`, `summary`, `description`, `designer`, `dimensions`, `light_source`, `lead_time`, `warranty`) VALUES ('lounge-arc', 'lounge-arc', 'poltronas', 'Lounge Arc', 'Poltrona com base giratória e encosto em arco.', 'Poltrona envolvente com base giratória oculta e encosto em arco contínuo, ideal para lounges e salas de leitura.', 'Studio Arc', 'L 90 cm x P 88 cm x A 82 cm', NULL, '40 dias úteis', '4 anos');
INSERT INTO `product_media` (`product_id`, `position`, `src`, `alt`) VALUES ('lounge-arc', 0, '/assets/poltronas/Poltronas%20(5).png', 'Poltrona Lounge Arc em ambiente moderno');
INSERT INTO `product_media` (`product_id`, `position`, `src`, `alt`) VALUES ('lounge-arc', 1, '/assets/poltronas/Poltronas%20(4).png', 'Detalhe do encosto da poltrona');
INSERT INTO `product_materials` (`product_id`, `name`) VALUES ('lounge-arc', 'Estrutura metálica');
INSERT INTO `product_materials` (`product_id`, `name`) VALUES ('lounge-arc', 'Espumas soft');
INSERT INTO `product_materials` (`product_id`, `name`) VALUES ('lounge-arc', 'Tecidos acetinados');
INSERT INTO `product_finish_options` (`product_id`, `name`) VALUES ('lounge-arc', 'Veludo sálvia');
INSERT INTO `product_finish_options` (`product_id`, `name`) VALUES ('lounge-arc', 'Bouclé caramelo');
INSERT INTO `product_finish_options` (`product_id`, `name`) VALUES ('lounge-arc', 'Linho grafite');
INSERT INTO `product_customizations` (`product_id`, `description`) VALUES ('lounge-arc', 'Base fixa');
INSERT INTO `product_customizations` (`product_id`, `description`) VALUES ('lounge-arc', 'Rotação 360º');
INSERT INTO `products` (`id`, `slug`, `category_id`, `name`, `summary`, `description`, `designer`, `dimensions`, `light_source`, `lead_time`, `warranty`) VALUES ('muse-chaise', 'muse-chaise', 'poltronas', 'Muse Chaise', 'Chaise longue com costura canaletada e apoio lombar.', 'Chaise com estofamento canaletado e apoio lombar destacável para suítes master e espaços de relaxamento.', 'Atelier Muse', 'L 78 cm x P 160 cm x A 82 cm', NULL, '45 dias úteis', '4 anos');
INSERT INTO `product_media` (`product_id`, `position`, `src`, `alt`) VALUES ('muse-chaise', 0, '/assets/poltronas/Poltronas%20(2).png', 'Chaise Muse em ambiente íntimo');
INSERT INTO `product_media` (`product_id`, `position`, `src`, `alt`) VALUES ('muse-chaise', 1, '/assets/poltronas/Poltronas%20(3).png', 'Detalhe da costura canaletada');
INSERT INTO `product_materials` (`product_id`, `name`) VALUES ('muse-chaise', 'Estrutura em madeira');
INSERT INTO `product_materials` (`product_id`, `name`) VALUES ('muse-chaise', 'Espuma visco');
INSERT INTO `product_materials` (`product_id`, `name`) VALUES ('muse-chaise', 'Tecidos premium');
INSERT INTO `product_finish_options` (`product_id`, `name`) VALUES ('muse-chaise', 'Veludo nude');
INSERT INTO `product_finish_options` (`product_id`, `name`) VALUES ('muse-chaise', 'Veludo grafite');
INSERT INTO `product_finish_options` (`product_id`, `name`) VALUES ('muse-chaise', 'Linho gelo');
SET FOREIGN_KEY_CHECKS=1;
